,IP
0,171.191.238.17
1,161.130.10.186
2,117.154.163.70
3,146.55.105.106
4,161.130.10.78
5,2a45:8b0f:f03f:9f13::
6,179.163.203.101
7,2865:10f4:b7bb:80da::
8,175.242.84.18
9,182.247.21.28
10,162.160.152.68
11,161.72.1.122
12,45.170.195.249
13,175.251.48.53
14,131.215.158.17
15,136.7.139.161
16,203.80.0.112
17,158.48.218.147
18,136.127.65.252
19,161.128.54.188
20,146.55.105.97
21,171.223.194.127
22,180.222.92.231
23,161.75.135.234
24,45.62.234.194
25,180.211.115.83
26,169.77.38.249
27,143.143.106.51
28,203.127.163.103
29,169.77.38.248
30,169.77.38.239
31,161.30.61.51
32,161.195.236.46
33,203.21.180.29
34,72.245.39.38
35,146.55.105.205
36,173.214.40.29
37,45.234.213.119
38,162.190.82.226
39,161.30.54.73
40,175.70.35.61
41,180.211.115.107
42,158.48.141.198
43,199.124.196.2
44,170.207.100.112
45,175.107.3.178
46,175.241.103.119
47,171.223.200.43
48,175.70.187.103
49,143.143.243.34
50,161.89.82.157
51,162.67.180.235
52,131.73.237.36
53,175.71.191.187
54,203.221.7.255
55,175.84.161.6
56,123.138.57.234
57,170.238.200.187
58,146.55.105.97
59,161.158.26.249
60,161.80.15.12
61,45.175.133.3
62,199.124.196.33
63,161.130.10.186
64,180.211.115.84
65,180.211.115.84
66,180.211.115.84
67,199.124.196.62
68,199.124.196.62
69,180.211.115.39
70,161.5.161.225
71,180.232.236.86
72,162.160.57.15
73,45.226.108.95
